{"cameraMode":{"drawMode":0,"name":"Shaded","section":"Shading Mode"},"sceneLighting":true,"audioPlay":false,"sceneViewState":{"m_AlwaysRefresh":false,"showFog":true,"showSkybox":true,"showFlares":true,"showImageEffects":true,"showParticleSystems":true,"showVisualEffectGraphs":true,"m_FxEnabled":true},"in2DMode":false,"pivot":{"x":1.8176769018173218,"y":-58.27854537963867,"z":-31.881685256958009},"rotation":{"x":0.7035133838653565,"y":-0.0008453678456135094,"z":0.0008362227235920727,"w":0.710709810256958},"size":59.61085891723633,"orthographic":false}