{"cameraMode":{"drawMode":0,"name":"Shaded","section":"Shading Mode"},"sceneLighting":true,"audioPlay":false,"sceneViewState":{"m_AlwaysRefresh":false,"showFog":true,"showSkybox":true,"showFlares":true,"showImageEffects":true,"showParticleSystems":true,"showVisualEffectGraphs":true,"m_FxEnabled":true},"in2DMode":false,"pivot":{"x":2.1105191707611086,"y":-61.99000549316406,"z":-191.1095428466797},"rotation":{"x":-0.0038241136353462936,"y":-0.9547394514083862,"z":0.297230064868927,"w":-0.012312623672187329},"size":58.50984191894531,"orthographic":false}