{"cameraMode":{"drawMode":0,"name":"Shaded","section":"Shading Mode"},"sceneLighting":true,"audioPlay":false,"sceneViewState":{"m_AlwaysRefresh":false,"showFog":true,"showSkybox":true,"showFlares":true,"showImageEffects":true,"showParticleSystems":true,"showVisualEffectGraphs":true,"m_FxEnabled":true},"in2DMode":false,"pivot":{"x":-6.98447322845459,"y":-5.3307576179504398,"z":-1.2802553176879883},"rotation":{"x":0.11524628847837448,"y":-0.8684357404708862,"z":0.23894479870796204,"w":0.41885820031166079},"size":18.116348266601564,"orthographic":false}